{
  "records": [
    {
      "id": "att_1744551115219",
      "studentId": "s1",
      "studentName": "Saksham Grover",
      "date": "2025-04-01",
      "status": "present",
      "createdAt": "2025-04-13T13:31:55.219Z",
      "updatedAt": "2025-04-13T13:31:55.219Z"
    },
    {
      "id": "att_1744551123920",
      "studentId": "s1",
      "studentName": "Saksham Grover",
      "date": "2025-04-02",
      "status": "present",
      "createdAt": "2025-04-13T13:32:03.920Z",
      "updatedAt": "2025-04-13T13:32:03.920Z"
    },
    {
      "id": "att_1744551127043",
      "studentId": "s1",
      "studentName": "Saksham Grover",
      "date": "2025-04-03",
      "status": "present",
      "createdAt": "2025-04-13T13:32:07.043Z",
      "updatedAt": "2025-04-13T13:32:07.045Z"
    },
    {
      "id": "att_1744551128468",
      "studentId": "s1",
      "studentName": "Saksham Grover",
      "date": "2025-04-04",
      "status": "present",
      "createdAt": "2025-04-13T13:32:08.468Z",
      "updatedAt": "2025-04-13T13:32:08.469Z"
    },
    {
      "id": "att_1744551134799",
      "studentId": "s1",
      "studentName": "Saksham Grover",
      "date": "2025-04-05",
      "status": "absent",
      "createdAt": "2025-04-13T13:32:14.799Z",
      "updatedAt": "2025-04-13T13:32:14.799Z"
    },
    {
      "id": "att_1744551137273",
      "studentId": "s1",
      "studentName": "Saksham Grover",
      "date": "2025-04-06",
      "status": "absent",
      "createdAt": "2025-04-13T13:32:17.273Z",
      "updatedAt": "2025-04-13T13:32:17.275Z"
    },
    {
      "id": "att_1744551139566",
      "studentId": "s1",
      "studentName": "Saksham Grover",
      "date": "2025-04-07",
      "status": "absent",
      "createdAt": "2025-04-13T13:32:19.566Z",
      "updatedAt": "2025-04-13T13:32:19.569Z"
    },
    {
      "id": "att_1744551141773",
      "studentId": "s1",
      "studentName": "Saksham Grover",
      "date": "2025-04-08",
      "status": "present",
      "createdAt": "2025-04-13T13:32:21.773Z",
      "updatedAt": "2025-04-13T13:32:21.774Z"
    },
    {
      "id": "att_1744551144463",
      "studentId": "s1",
      "studentName": "Saksham Grover",
      "date": "2025-04-09",
      "status": "present",
      "createdAt": "2025-04-13T13:32:24.463Z",
      "updatedAt": "2025-04-13T13:32:24.464Z"
    },
    {
      "id": "att_1744551146135",
      "studentId": "s1",
      "studentName": "Saksham Grover",
      "date": "2025-04-10",
      "status": "present",
      "createdAt": "2025-04-13T13:32:26.135Z",
      "updatedAt": "2025-04-13T13:32:26.136Z"
    },
    {
      "id": "att_1744551149441",
      "studentId": "s1",
      "studentName": "Saksham Grover",
      "date": "2025-04-11",
      "status": "present",
      "createdAt": "2025-04-13T13:32:29.442Z",
      "updatedAt": "2025-04-13T13:32:29.442Z"
    },
    {
      "id": "att_1744551151247",
      "studentId": "s1",
      "studentName": "Saksham Grover",
      "date": "2025-04-12",
      "status": "present",
      "createdAt": "2025-04-13T13:32:31.247Z",
      "updatedAt": "2025-04-13T13:32:31.248Z"
    }
  ]
}