{
    "students": [
      {
        "id": "s1",
        "username": "saksham",
        "password": "hellobhai",
        "name": "Saksham Grover"
      },
      {
        "id": "s2",
        "username": "siddhant",
        "password": "hellobhai",
        "name": "Siddhant Grover"
      },

      {
        "id": "s3",
        "username": "guddu",
        "password": "123456",
        "name": "Guddu Grover"
      }
    ],
    "teachers": [
      {
        "id": "t1",
        "username": "palak",
        "password": "040608",
        "name": "Palak Gupta"
      },

      {
        "id": "t2",
        "username": "adi",
        "password": "saksham123",
        "name": "Adi Grover"
      }
    ]
  }